Svið,Útgjaldaflokkur,Aukning á kjörtímabili,Hlutfall af allri aukningu,Uppsafnað hlutfall af allri aukningu,Útgjöld 2018,Útgjöld 2021
Velferðarsvið,Húsnæðisúrræði fyrir fatlaða,2451086982,10.4%,10.4%,4348919015,6800005997
Velferðarsvið,Búsetukjarnar,1003497008,4.3%,14.7%,1189227936,2192724944
Velferðarsvið,Skammtímadvöl,971400722,4.1%,18.8%,0,971400722
Velferðarsvið,Þjónusta v/velferðarmála,744691082,3.2%,22.0%,1400560131,2145251213
Þjónustu- og nýsköpunarsvið,Þróun upplýsingakerfa,591874779,2.5%,24.5%,0,591874779
Skóla- og frístundasvið,Dalskóli,497607622,2.1%,26.7%,557644540,1055252162
Þjónustu- og nýsköpunarsvið,Upplýsingatækniþjónusta,397283967,1.7%,28.3%,0,397283967
Þjónustu- og nýsköpunarsvið,Þjónustuhönnun,382209924,1.6%,30.0%,0,382209924
Umhverfis og skipulagssvið eignasjóður,Þjónustumiðstöð borgarlandsins,380741307,1.6%,31.6%,0,380741307
Velferðarsvið,Heimaþjónusta - dagþjónusta,380167582,1.6%,33.2%,1367559729,1747727311
Velferðarsvið,Hjúkrunarheimili,359165413,1.5%,34.7%,1225405406,1584570819
Umhverfis og skipulagssvið eignasjóður,Hverfastöð Njarðargötu,355775799,1.5%,36.3%,0,355775799
Skóla- og frístundasvið,Klettaskóli,354467444,1.5%,37.8%,965993824,1320461268
Velferðarsvið,Barnavernd Reykjavíkur,334278443,1.4%,39.2%,476271825,810550268
Skóla- og frístundasvið,Frístund Klettaskóla,315702799,1.3%,40.5%,567089483,882792282
Velferðarsvið,Húsnæðisaðstoð,286881600,1.2%,41.8%,341842529,628724129
Fjármála- og áhættustýringarsvið,Launaskrifstofa,278016387,1.2%,42.9%,0,278016387
Velferðarsvið,Keðjan,272744010,1.2%,44.1%,0,272744010
Íþrótta- og tómstundasvið,Hitt Húsið,271769482,1.2%,45.3%,163232957,435002439
Skóla- og frístundasvið,Nýsköpunarmiðstöð menntamála,263836967,1.1%,46.4%,19408151,283245118
Fjármála- og áhættustýringarsvið,Skrifstofa sviðsstjóra FÁST,259152494,1.1%,47.5%,0,259152494
Menningar- og ferðamálasvið,Borgarsögusafn,258841470,1.1%,48.6%,0,258841470
Skóla- og frístundasvið,Háaleitisskóli,242801483,1.0%,49.6%,733079974,975881457
Umhverfis og skipulagssvið eignasjóður,Hverfastöð Jafnaseli,240155069,1.0%,50.6%,0,240155069
Mannauðs- og starfsþróunarsvið,Skrifstofa sviðsstjóra MOS,239025163,1.0%,51.7%,0,239025163
Fjármála- og áhættustýringarsvið,Bókhaldsskrifstofa,235328048,1.0%,52.7%,0,235328048
Velferðarsvið,Heimahjúkrun,223844062,1.0%,53.6%,1206400637,1430244699
Velferðarsvið,Stuðningsþjónusta,220608079,0.9%,54.5%,438671180,659279259
Skóla- og frístundasvið,Frístundaheimili - Miðborg/Hlíðar,215751802,0.9%,55.5%,0,215751802
Skóla- og frístundasvið,Árbæjarskóli,208042859,0.9%,56.4%,700995531,909038390
Menningar- og ferðamálasvið,Borgarbókasafnið Grófinni,207858921,0.9%,57.2%,0,207858921
Skóla- og frístundasvið,Farteymi - Austur,207343185,0.9%,58.1%,55227207,262570392
Velferðarsvið,Önnur starfsemi,202259883,0.9%,59.0%,23458361,225718244
Velferðarsvið,Skrifstofa velferðarsviðs,195179369,0.8%,59.8%,575377420,770556789
Þjónustu- og nýsköpunarsvið,Rekstur stjórnsýsluhúsa og sameiginlegur kostnaður,194648758,0.8%,60.6%,0,194648758
Velferðarsvið,Dagþjónusta - Málefni fatlaðs fólks,192594415,0.8%,61.5%,306757988,499352403
Skóla- og frístundasvið,Vættaskóli,192585707,0.8%,62.3%,632759394,825345101
Skóla- og frístundasvið,Hlíðaskóli,171667283,0.7%,63.0%,685756493,857423776
Skóla- og frístundasvið,Fellaskóli,169207926,0.7%,63.7%,568961613,738169539
Umhverfis og skipulagssvið eignasjóður,Garðyrkja Miklatúni,168198575,0.7%,64.4%,0,168198575
Umhverfis- og skipulagssvið aðalsjóður,Nemendur Vinnuskóla,166440709,0.7%,65.2%,100453976,266894685
Umhverfis og skipulagssvið eignasjóður,Garðyrkja Jafnarseli,164918467,0.7%,65.9%,0,164918467
Skóla- og frístundasvið,Langholtsskóli,161075387,0.7%,66.5%,796823053,957898440
Skóla- og frístundasvið,Laugarnesskóli,153455894,0.7%,67.2%,599791558,753247452
Velferðarsvið,Endurhæfingarteymi,152179190,0.6%,67.8%,0,152179190
Skóla- og frístundasvið,Hagaskóli,148441509,0.6%,68.5%,551541712,699983221
Umhverfis og skipulagssvið eignasjóður,Byggingardeild,143293277,0.6%,69.1%,0,143293277
Skóla- og frístundasvið,Melaskóli,136684928,0.6%,69.7%,660976001,797660929
Velferðarsvið,Þjónustuíbúðir,135781322,0.6%,70.2%,503342988,639124310
Umhverfis- og skipulagssvið aðalsjóður,Sorphirða,135511436,0.6%,70.8%,522717425,658228861
Skóla- og frístundasvið,Hólabrekkuskóli,134800496,0.6%,71.4%,546249678,681050174
Eignaskrifstofa,Eignaskrifstofa,132424257,0.6%,72.0%,0,132424257
Skóla- og frístundasvið,"Frístundaheimili - Kringlumýri, Laugardal og Háaleiti",132332478,0.6%,72.5%,376173397,508505875
Fjármála- og áhættustýringarsvið,Áætlana og uppgjörsskrifstofa,131372115,0.6%,73.1%,0,131372115
Skóla- og frístundasvið,Sæmundarskóli,131019689,0.6%,73.6%,540458527,671478216
Velferðarsvið,Rekstur þjónustumiðstöðvar,130976430,0.6%,74.2%,181886474,312862904
Skóla- og frístundasvið,Funaborg,128666768,0.5%,74.7%,0,128666768
Umhverfis og skipulagssvið eignasjóður,Gatnadeild,127574200,0.5%,75.3%,0,127574200
Skóla- og frístundasvið,Breiðholtsskóli,124473560,0.5%,75.8%,506876793,631350353
Skóla- og frístundasvið,Vogaskóli,123967953,0.5%,76.4%,442745929,566713882
Skóla- og frístundasvið,Seljaskóli,122155402,0.5%,76.9%,731343466,853498868
Skóla- og frístundasvið,Hamraskóli,121233183,0.5%,77.4%,251586614,372819797
Skrifstofur miðlægrar stjórnsýslu,Borgarstjórn,120350040,0.5%,77.9%,278965579,399315619
Skóla- og frístundasvið,Rauðhóll,119283809,0.5%,78.4%,404162699,523446508
Menningar- og ferðamálasvið,"Menningar- og ferðamálasvið, skrifstofa",118151618,0.5%,78.9%,0,118151618
Umhverfis og skipulagssvið eignasjóður,Framkvæmdir og viðhald mannvirkja (skrifst.),117186572,0.5%,79.4%,0,117186572
Skóla- og frístundasvið,Miðborg,114280056,0.5%,79.9%,239422584,353702640
Skóla- og frístundasvið,Norðlingaskóli,112920934,0.5%,80.4%,752787899,865708833
Skóla- og frístundasvið,Fossvogsskóli,109934079,0.5%,80.8%,383825096,493759175
Skóla- og frístundasvið,Frístundaheimili Gufunesbæjar í Grafarvogi,109755493,0.5%,81.3%,272225262,381980755
Menningar- og ferðamálasvið,Miðlun og nýsköpun,109549944,0.5%,81.8%,0,109549944
Umhverfis og skipulagssvið eignasjóður,Garðyrkja Laugardal,109343053,0.5%,82.2%,0,109343053
Skrifstofur miðlægrar stjórnsýslu,Skrifstofa borgarstjóra,107710363,0.5%,82.7%,248992161,356702524
Fjármála- og áhættustýringarsvið,Innkaupaskrifstofa,107130501,0.5%,83.2%,0,107130501
Menningar- og ferðamálasvið,Borgarbókasafnið Gerðubergi,103895794,0.4%,83.6%,0,103895794
Umhverfis og skipulagssvið eignasjóður,Rekstur og umhirða borgarlands (skrifstofa),103806791,0.4%,84.0%,0,103806791
Skóla- og frístundasvið,Háteigsskóli,102211515,0.4%,84.5%,492896920,595108435
Fjármála- og áhættustýringarsvið,Fjárstýringar og innheimtuskrifstofa,101220262,0.4%,84.9%,0,101220262
Skóla- og frístundasvið,Hálsaskógur,100778686,0.4%,85.3%,238592266,339370952
Skóla- og frístundasvið,Ingunnarskóli,100552020,0.4%,85.8%,472984857,573536877
Þjónustu- og nýsköpunarsvið,Borgarskjalasafn,100083320,0.4%,86.2%,0,100083320
Skóla- og frístundasvið,Réttarholtsskóli,99321635,0.4%,86.6%,409623400,508945035
Skóla- og frístundasvið,Hlíð,99293626,0.4%,87.0%,206206418,305500044
Skóla- og frístundasvið,Rimaskóli,99052908,0.4%,87.5%,606806157,705859065
Skóla- og frístundasvið,Hof,99015769,0.4%,87.9%,203011594,302027363
Þjónustu- og nýsköpunarsvið,Upplýsinga- og skjalastýring,98169762,0.4%,88.3%,0,98169762
Skóla- og frístundasvið,Sunnuás,97417798,0.4%,88.7%,225347477,322765275
Skóla- og frístundasvið,Austurbæjarskóli,96588238,0.4%,89.1%,530247522,626835760
Menningar- og ferðamálasvið,Borgarbókasafnið Kringlunni,95895762,0.4%,89.5%,0,95895762
Velferðarsvið,Heimaþjónusta - kvöld- og helgarþjónusta,94624716,0.4%,89.9%,293758464,388383180
Skóla- og frístundasvið,Geislabaugur,92336283,0.4%,90.3%,201079092,293415375
Skóla- og frístundasvið,Frístundamiðstöðin Kringlumýri,91769234,0.4%,90.7%,192048130,283817364
Skóla- og frístundasvið,Grandaskóli,90992215,0.4%,91.1%,407691403,498683618
Skóla- og frístundasvið,Foldaskóli,90261301,0.4%,91.5%,670029890,760291191
Velferðarsvið,Framleiðslueldhús,87272173,0.4%,91.9%,156710489,243982662
Skóla- og frístundasvið,Frístundamiðstöðin Kampur,84898622,0.4%,92.2%,0,84898622
Skóla- og frístundasvið,Bakkaborg,84634963,0.4%,92.6%,216841876,301476839
Skóla- og frístundasvið,Frístundaheimili - Breiðholt,83778046,0.4%,92.9%,269501107,353279153
Skóla- og frístundasvið,Lyngheimar,83525787,0.4%,93.3%,146445502,229971289
Skóla- og frístundasvið,Brúarskóli,83455874,0.4%,93.7%,387730434,471186308
Íþrótta- og tómstundasvið,Fjölskyldu- og húsdýragarður,82832466,0.4%,94.0%,298045455,380877921
Skóla- og frístundasvið,Austurborg,82303726,0.4%,94.4%,183571500,265875226
Skóla- og frístundasvið,Laugasól,82249230,0.4%,94.7%,315120823,397370053
Skóla- og frístundasvið,Frístundamiðstöðin Miðberg,81350183,0.3%,95.1%,143181305,224531488
Skóla- og frístundasvið,Suðurborg,80775170,0.3%,95.4%,221469328,302244498
Skrifstofur miðlægrar stjórnsýslu,Mannréttindaskrifstofa,80764593,0.3%,95.7%,62140292,142904885
Verkefnastofa þróunarmála,Atvinnuþróun,80714024,0.3%,96.1%,0,80714024
Skóla- og frístundasvið,Félagsmiðstöðin Hofið,80414619,0.3%,96.4%,0,80414619
Velferðarsvið,Langvarandi veikindi og námsleyfi,79553849,0.3%,96.8%,3792965,83346814
Velferðarsvið,Félagsmiðstöðvar,78176253,0.3%,97.1%,371708785,449885038
Menningar- og ferðamálasvið,Önnur menningarstarfsemi,77333178,0.3%,97.4%,0,77333178
Skóla- og frístundasvið,Jörfi,75792837,0.3%,97.7%,155998136,231790973
Skóla- og frístundasvið,Breiðagerðisskóli,75504518,0.3%,98.1%,439911192,515415710
Skóla- og frístundasvið,Bjartahlíð,74878758,0.3%,98.4%,243565945,318444703
Skóla- og frístundasvið,Frístundaheimili - Árbæ,74814723,0.3%,98.7%,176235821,251050544
Velferðarsvið,Virkniverkefni,74115493,0.3%,99.0%,96503133,170618626
Umhverfis- og skipulagssvið aðalsjóður,Útideild bílastæðasjóðs,74078484,0.3%,99.3%,129192721,203271205
Skóla- og frístundasvið,Engjaborg,73919843,0.3%,99.7%,116043849,189963692
Skóla- og frístundasvið,Ölduselsskóli,73416115,0.3%,100.0%,586313898,659730013
Umhverfis- og skipulagssvið aðalsjóður,Sviðsstjóri,72401914,0.3%,100.3%,30124770,102526684
Mannauðs- og starfsþróunarsvið,Skrifstofa kjaramála,71595397,0.3%,100.6%,0,71595397
Skóla- og frístundasvið,Borg,68882396,0.3%,100.9%,241028510,309910906
Skóla- og frístundasvið,Laufskálar,68459270,0.3%,101.2%,163169361,231628631
Skóla- og frístundasvið,Drafnarsteinn,68221492,0.3%,101.5%,210132110,278353602
Skóla- og frístundasvið,Klambrar,68060085,0.3%,101.7%,137456938,205517023
Skóla- og frístundasvið,Sólborg,67981856,0.3%,102.0%,252684206,320666062
Skóla- og frístundasvið,Langholt,67681593,0.3%,102.3%,325648339,393329932
Skóla- og frístundasvið,Maríuborg,66883172,0.3%,102.6%,173542474,240425646
Skóla- og frístundasvið,Grandaborg,66825774,0.3%,102.9%,143405450,210231224
Skóla- og frístundasvið,Vesturbæjarskóli,66153837,0.3%,103.2%,397718668,463872505
Menningar- og ferðamálasvið,Borgarbókasafnið Spöngin,65249909,0.3%,103.4%,0,65249909
Fjármála- og áhættustýringarsvið,Upplýsingatækniþjónusta,64541103,0.3%,103.7%,0,64541103
Umhverfis- og skipulagssvið aðalsjóður,Leiðbeinendur Vinnuskóla,64472353,0.3%,104.0%,57510965,121983318
Skóla- og frístundasvið,Jöklaborg,63373408,0.3%,104.3%,178979335,242352743
Umhverfis og skipulagssvið eignasjóður,Frumathuganir mannvirkjagerðar,63001609,0.3%,104.5%,0,63001609
Íþrótta- og tómstundasvið,Breiðholtslaug,62437051,0.3%,104.8%,170336588,232773639
Skóla- og frístundasvið,Laugalækjarskóli,62356101,0.3%,105.1%,405821251,468177352
Skóla- og frístundasvið,Blásalir,62145928,0.3%,105.3%,116305809,178451737
Skóla- og frístundasvið,Kvistaborg,61934053,0.3%,105.6%,123030669,184964722
Umhverfis- og skipulagssvið aðalsjóður,Skrifstofa byggingarfulltrúa,61497815,0.3%,105.9%,224838154,286335969
Íþrótta- og tómstundasvið,Grafarvogslaug,60479179,0.3%,106.1%,160521427,221000606
Skrifstofur miðlægrar stjórnsýslu,Innri endurskoðun,60078402,0.3%,106.4%,112428977,172507379
Skóla- og frístundasvið,Rofaborg,60012916,0.3%,106.6%,195760483,255773399
Umhverfis- og skipulagssvið aðalsjóður,Skrifstofa sviðsstjóra,59172893,0.3%,106.9%,76626728,135799621
Skóla- og frístundasvið,Furuskógur,58830442,0.3%,107.1%,223702497,282532939
Skóla- og frístundasvið,Miðja máls og læsis,57809598,0.2%,107.4%,76375197,134184795
Skóla- og frístundasvið,Seljakot,57788105,0.2%,107.6%,125568551,183356656
Skóla- og frístundasvið,Múlaborg,57340313,0.2%,107.9%,217256125,274596438
Íþrótta- og tómstundasvið,Vesturbæjarlaug,57243640,0.2%,108.1%,155172267,212415907
Skóla- og frístundasvið,Selásskóli,56812934,0.2%,108.4%,301718698,358531632
Íþrótta- og tómstundasvið,Laugardalslaug,56380622,0.2%,108.6%,348165217,404545839
Umhverfis og skipulagssvið eignasjóður,Deild opina svæða,55397806,0.2%,108.8%,0,55397806
Skóla- og frístundasvið,Hulduheimar,54639380,0.2%,109.1%,138659857,193299237
Menningar- og ferðamálasvið,Borgarbókasafnið Árbæ,54492138,0.2%,109.3%,0,54492138
Íþrótta- og tómstundasvið,Sundhöll,54336779,0.2%,109.5%,201545724,255882503
Skóla- og frístundasvið,Klébergsskóli,54177575,0.2%,109.8%,330414171,384591746
Skrifstofur miðlægrar stjórnsýslu,Íbúaráð,54094372,0.2%,110.0%,0,54094372
Skóla- og frístundasvið,Tjörn,53146013,0.2%,110.2%,182560315,235706328
Skóla- og frístundasvið,Hagaborg,53091740,0.2%,110.4%,180885212,233976952
Skóla- og frístundasvið,Stakkaborg,52544448,0.2%,110.7%,143827935,196372383
Skóla- og frístundasvið,Sæborg,51360635,0.2%,110.9%,115541350,166901985
Íþrótta- og tómstundasvið,Árbæjarlaug,50762312,0.2%,111.1%,158564896,209327208
Skóla- og frístundasvið,Farteymi - Vestur,50129375,0.2%,111.3%,0,50129375
Skóla- og frístundasvið,Ægisborg,49737387,0.2%,111.5%,156830321,206567708
Skóla- og frístundasvið,Klettaborg,49127811,0.2%,111.7%,146774266,195902077
Menningar- og ferðamálasvið,Borgarbókasafnið Sólheimum,49080541,0.2%,111.9%,0,49080541
Velferðarsvið,Heimildargreiðslur fjárhagsaðstoðar,47940122,0.2%,112.1%,0,47940122
Umhverfis- og skipulagssvið aðalsjóður,Skrifstofa samgöngustjóra og borgarhönnunar,47700581,0.2%,112.3%,118445660,166146241
Skóla- og frístundasvið,Frístundamiðstöðin Gufunesbær,47329520,0.2%,112.5%,183548248,230877768
Skóla- og frístundasvið,Heiðarborg,47259670,0.2%,112.7%,155376424,202636094
Menningar- og ferðamálasvið,Listasafn Reykjavíkur,47007122,0.2%,112.9%,130259996,177267118
Skóla- og frístundasvið,Miðlægur kostnaður SFS,46881369,0.2%,113.1%,2221290,49102659
Umhverfis og skipulagssvið eignasjóður,Hverfaþj. Stórhöfði-fasteignahluti,46091975,0.2%,113.3%,0,46091975
Umhverfis og skipulagssvið eignasjóður,Hverfaþj. Njarðargata-fasteignahluti,44959944,0.2%,113.5%,0,44959944
Skóla- og frístundasvið,Álftaborg,44546961,0.2%,113.7%,168693703,213240664
Skóla- og frístundasvið,Brekkuborg,43678600,0.2%,113.9%,126066787,169745387
Skóla- og frístundasvið,Holt,43636622,0.2%,114.1%,189543293,233179915
Skóla- og frístundasvið,Frístundaklúbbar,42712267,0.2%,114.3%,125670989,168383256
Skóla- og frístundasvið,Rauðaborg,42538816,0.2%,114.5%,109342367,151881183
Skóla- og frístundasvið,Skrifstofa sviðsstjóra,41144151,0.2%,114.6%,156465207,197609358
Skóla- og frístundasvið,Ártúnsskóli,41051648,0.2%,114.8%,422481877,463533525
Menningar- og ferðamálasvið,Landnámssýningin,39254190,0.2%,115.0%,0,39254190
Skóla- og frístundasvið,Árborg,39123167,0.2%,115.1%,104081355,143204522
Íþrótta- og tómstundasvið,Íþróttahús KHÍ,38835817,0.2%,115.3%,0,38835817
Skóla- og frístundasvið,Nóaborg,38558327,0.2%,115.5%,160058215,198616542
Skóla- og frístundasvið,Vesturborg,38324260,0.2%,115.6%,132121396,170445656
Skóla- og frístundasvið,Ösp,37916823,0.2%,115.8%,118502924,156419747
Skóla- og frístundasvið,Vinagerði,37787332,0.2%,116.0%,109677288,147464620
Skóla- og frístundasvið,Seljaborg,37410283,0.2%,116.1%,95162525,132572808
Skóla- og frístundasvið,Steinahlíð,36482386,0.2%,116.3%,98306324,134788710
Íþrótta- og tómstundasvið,Ylströnd í Nauthólsvík,35526442,0.2%,116.4%,32611857,68138299
Skóla- og frístundasvið,Grænaborg,35250335,0.2%,116.6%,128746751,163997086
Umhverfis- og skipulagssvið aðalsjóður,Umhverfiseftirlit,34404585,0.1%,116.7%,97836373,132240958
Skóla- og frístundasvið,Reynisholt,33530818,0.1%,116.9%,171358198,204889016
Skóla- og frístundasvið,Húsaskóli,33426383,0.1%,117.0%,236634435,270060818
Umhverfis og skipulagssvið eignasjóður,Hverfaþj. Miklatún-fasteignahluti,32902381,0.1%,117.1%,0,32902381
Umhverfis og skipulagssvið eignasjóður,Hverfaþj. Jafnasel-fasteignahluti,32686373,0.1%,117.3%,0,32686373
Skóla- og frístundasvið,Nes,31576320,0.1%,117.4%,278455366,310031686
Skóla- og frístundasvið,Hólaborg,30975233,0.1%,117.6%,108115906,139091139
Skóla- og frístundasvið,Brákaborg,30792225,0.1%,117.7%,111081597,141873822
Skóla- og frístundasvið,Fjármála- og rekstrarþjónusta,28450464,0.1%,117.8%,166395903,194846367
Velferðarsvið,Unglingasmiðjur,27806267,0.1%,117.9%,54885888,82692155
Umhverfis- og skipulagssvið aðalsjóður,Umhverfisgæði,27209404,0.1%,118.0%,16884150,44093554
Skrifstofur miðlægrar stjórnsýslu,Skrifstofa borgarstjórnar,25768469,0.1%,118.1%,66424306,92192775
Umhverfis- og skipulagssvið aðalsjóður,Matvælaeftirlit,25052340,0.1%,118.3%,91604170,116656510
Skóla- og frístundasvið,Fífuborg,24655833,0.1%,118.4%,153043269,177699102
Umhverfis og skipulagssvið eignasjóður,Hverfastöð Kjalarnesi,24600759,0.1%,118.5%,0,24600759
Umhverfis- og skipulagssvið aðalsjóður,Landupplýsingar,24035162,0.1%,118.6%,126547415,150582577
Skóla- og frístundasvið,Gullborg,23939437,0.1%,118.7%,171430952,195370389
Íþrótta- og tómstundasvið,Dalslaug,23018760,0.1%,118.8%,0,23018760
Skóla- og frístundasvið,Skólahljómsveit Vesturbæjar,22627210,0.1%,118.9%,70087393,92714603
Umhverfis- og skipulagssvið aðalsjóður,Grasagarður,22176368,0.1%,119.0%,66682419,88858787
Skrifstofur miðlægrar stjórnsýslu,Borgarlögmaður,21867094,0.1%,119.1%,116597355,138464449
Íþrótta- og tómstundasvið,Yfirstjórn ÍTR,21571689,0.1%,119.1%,142402961,163974650
Velferðarsvið,Frekari liðveisla,19488375,0.1%,119.2%,23647930,43136305
Skóla- og frístundasvið,Skólahljómsveit Grafarvogs,19313130,0.1%,119.3%,64568047,83881177
Velferðarsvið,Þróunarverkefni,18725274,0.1%,119.4%,184907582,203632856
Umhverfis- og skipulagssvið aðalsjóður,Vinnuskóli,18597555,0.1%,119.5%,22356714,40954269
Velferðarsvið,Rekstrarsamningar,18567561,0.1%,119.5%,0,18567561
Skóla- og frístundasvið,Skólahljómsveit Árbæjar og Breiðholts,18509948,0.1%,119.6%,61496157,80006105
Umhverfis- og skipulagssvið aðalsjóður,Skipulags- og samgönguráð,18225106,0.1%,119.7%,0,18225106
Skóla- og frístundasvið,Garðaborg,18208525,0.1%,119.8%,89511690,107720215
Velferðarsvið,Dagdeildir,18079245,0.1%,119.9%,108440236,126519481
Skóla- og frístundasvið,Hraunborg,16763131,0.1%,119.9%,139497519,156260650
Skóla- og frístundasvið,Skólaakstur,15922265,0.1%,120.0%,887240,16809505
Umhverfis- og skipulagssvið aðalsjóður,Ræktunarstöð,14511280,0.1%,120.1%,60977788,75489068
Umhverfis- og skipulagssvið aðalsjóður,Umhverfis- og heilbrigðisráð,13902356,0.1%,120.1%,0,13902356
Íþrótta- og tómstundasvið,Langtímaveikindi og leyfi,13762142,0.1%,120.2%,22005184,35767326
Íþrótta- og tómstundasvið,Atvinnumál,13524242,0.1%,120.2%,74924355,88448597
Velferðarsvið,Framlög og styrkir,13416316,0.1%,120.3%,315284,13731600
Skóla- og frístundasvið,Lögfræðiþjónusta,12628211,0.1%,120.3%,37558775,50186986
Umhverfis- og skipulagssvið aðalsjóður,Fjármáladeild,12459668,0.1%,120.4%,45674709,58134377
Menningar- og ferðamálasvið,Hafnarhús,11919600,0.1%,120.4%,43655377,55574977
Skóla- og frístundasvið,Skólahljómsveit Austurbæjar,11338031,0.0%,120.5%,64233392,75571423
Umhverfis- og skipulagssvið aðalsjóður,Meindýravarnir,11222028,0.0%,120.5%,40746568,51968596
Umhverfis- og skipulagssvið aðalsjóður,Mannauðsdeild,11213683,0.0%,120.6%,64096435,75310118
Menningar- og ferðamálasvið,Árbæjarsafn,10982276,0.0%,120.6%,43053766,54036042
Velferðarsvið,Heimaþjónusta,10585005,0.0%,120.7%,28834585,39419590
Fjármála- og áhættustýringarsvið,Innkauparáð,10396659,0.0%,120.7%,0,10396659
Umhverfis- og skipulagssvið aðalsjóður,Skrifstofa skipulagsfulltrúa,9882796,0.0%,120.8%,190602672,200485468
Íþrótta- og tómstundasvið,Sameiginlegur kostnaður ÍTR,9687031,0.0%,120.8%,23580897,33267928
Umhverfis- og skipulagssvið aðalsjóður,Austurheiði,8429524,0.0%,120.8%,28854434,37283958
Menningar- og ferðamálasvið,Sérverkefni,7827618,0.0%,120.9%,0,7827618
Menningar- og ferðamálasvið,Ljósmyndasafn Reykjavíkur,7134232,0.0%,120.9%,33541318,40675550
Skóla- og frístundasvið,Mannauðsþjónusta,6950812,0.0%,120.9%,93993905,100944717
Skrifstofur miðlægrar stjórnsýslu,Aðgerðir gegn heimilisofbeldi,6924315,0.0%,121.0%,42135917,49060232
Velferðarsvið,Heimildagreiðslur - Átaksverkefni,6331109,0.0%,121.0%,1035270,7366379
Umhverfis- og skipulagssvið aðalsjóður,Fræðslu- og félagsstarf Vinnuskólans,6201870,0.0%,121.0%,7387604,13589474
Menningar- og ferðamálasvið,Ásmundarsafn,6142001,0.0%,121.0%,15881518,22023519
Skóla- og frístundasvið,Leikskólinn Eggertsgata,6119692,0.0%,121.1%,0,6119692
Skóla- og frístundasvið,Fastir styrkir,5400366,0.0%,121.1%,13469686,18870052
Umhverfis- og skipulagssvið aðalsjóður,Skrifstofa heilbrigðiseftirlits,5171235,0.0%,121.1%,22811255,27982490
Umhverfis- og skipulagssvið aðalsjóður,Þjónustumiðstöðvar Vinnuskóla,4739275,0.0%,121.1%,11911541,16650816
Skóla- og frístundasvið,Leikskólinn Bríetartúni,4110983,0.0%,121.2%,0,4110983
Skóla- og frístundasvið,Skóla og frístundaráð,3751538,0.0%,121.2%,28961713,32713251
Skóla- og frístundasvið,Leikskólinn Nauthólsvegur,3658672,0.0%,121.2%,0,3658672
Íþrótta- og tómstundasvið,Skíðabrekkur,3309801,0.0%,121.2%,2116462,5426263
Menningar- og ferðamálasvið,Kjarvalsstaðir,3195716,0.0%,121.2%,33813889,37009605
Skóla- og frístundasvið,Sameiginl. kostn. fagskrifstofu - frístund,3140000,0.0%,121.2%,0,3140000
Velferðarsvið,Nefndir og ráð,3039159,0.0%,121.2%,28532425,31571584
Skóla- og frístundasvið,Sérkennsla í leikskólum,2847947,0.0%,121.3%,28798856,31646803
Skóla- og frístundasvið,Nýbúakennsla,2757065,0.0%,121.3%,0,2757065
Skóla- og frístundasvið,Frístundamiðstöðin Frostaskjól,2580668,0.0%,121.3%,185820345,188401013
Umhverfis- og skipulagssvið aðalsjóður,Sorpílát,1855283,0.0%,121.3%,6594450,8449733
Menningar- og ferðamálasvið,Ófyrirséð og sameiginlegur kostnaður,1642000,0.0%,121.3%,0,1642000
Skóla- og frístundasvið,Langtímaveikindi í leikskólum,1546612,0.0%,121.3%,0,1546612
Umhverfis- og skipulagssvið aðalsjóður,Náttúra og garðar,1439487,0.0%,121.3%,24274443,25713930
Skóla- og frístundasvið,Félagsstarf í hverfum,1332508,0.0%,121.3%,1154699,2487207
Skóla- og frístundasvið,Tónlistarskóli Kjalarness,1320381,0.0%,121.3%,17803716,19124097
Skóla- og frístundasvið,Leikskólinn Vogabyggð,1303820,0.0%,121.3%,0,1303820
Umhverfis- og skipulagssvið aðalsjóður,Gæði og Öryggi,1075450,0.0%,121.3%,14446218,15521668
Menningar- og ferðamálasvið,Sjóminjasafn,796728,0.0%,121.3%,28009166,28805894
Skóla- og frístundasvið,Grafarvogur - leikskólar,753151,0.0%,121.3%,0,753151
Skóla- og frístundasvið,Fagskrifstofa - leikskóli,666568,0.0%,121.3%,103694056,104360624
Skóla- og frístundasvið,Námsflokkar Reykjavíkur,439546,0.0%,121.3%,47445758,47885304
Skrifstofur miðlægrar stjórnsýslu,Aðrar nefndir,399337,0.0%,121.3%,496193,895530
Velferðarsvið,Búnaður,350000,0.0%,121.3%,0,350000
Skóla- og frístundasvið,"Vesturbær, miðborg - grunnskólar",287746,0.0%,121.3%,0,287746
Menningar- og ferðamálasvið,Safnráð Listasafns Reykjavíkur,169993,0.0%,121.3%,184134,354127
Skrifstofur miðlægrar stjórnsýslu,Mannréttindaráð,163481,0.0%,121.3%,17693122,17856603
Umhverfis- og skipulagssvið aðalsjóður,Vöktun,83390,0.0%,121.3%,21288846,21372236
Mannauðs- og starfsþróunarsvið,Samninganefnd,22862,0.0%,121.3%,0,22862
Íþrótta- og tómstundasvið,Hátíðahöld 17. júní,-25076,0.0%,121.3%,25076,0
Skóla- og frístundasvið,Skólasafnamiðstöð,-35465,0.0%,121.3%,35465,0
Menningar- og ferðamálasvið,Ófyrirséð,-66829,0.0%,121.3%,66829,0
Skóla- og frístundasvið,Bakkaberg,-71985,0.0%,121.3%,71985,0
Skóla- og frístundasvið,Mýri,-94367,0.0%,121.3%,94367,0
Velferðarsvið,Stuðningsfjölskyldur,-994879,0.0%,121.3%,994879,0
Skóla- og frístundasvið,Endurúthlutun á haustönn o.fl.,-1098839,0.0%,121.3%,1098839,0
Skóla- og frístundasvið,Fagskrifstofa - frístund,-1221615,0.0%,121.3%,72897890,71676275
Umhverfis- og skipulagssvið aðalsjóður,Skrifstofa Bílastæðasjóðs,-1595147,0.0%,121.3%,78758352,77163205
Skóla- og frístundasvið,Sumarnámskeið fyrir börn,-1700000,0.0%,121.3%,1700000,0
Menningar- og ferðamálasvið,Tengsl skóla og menningarstofnana,-2921357,0.0%,121.3%,2921357,0
Íþrótta- og tómstundasvið,Íþróttastarfsemi fyrir aldraða,-3924032,0.0%,121.3%,3924032,0
Skóla- og frístundasvið,Sumargrín og smíðavellir,-4177141,0.0%,121.3%,4177141,0
Íþrótta- og tómstundasvið,Skíðasvæði Bláfjöll,-4215748,0.0%,121.2%,205660339,201444591
Umhverfis- og skipulagssvið aðalsjóður,Hundaeftirlit,-5162028,0.0%,121.2%,15762638,10600610
Skrifstofur miðlægrar stjórnsýslu,Síma- og upplýsingaþjónusta,-6753067,0.0%,121.2%,6753067,0
Skóla- og frístundasvið,Sameiginl. kostn. fagskrifstofu - grunnskóli,-7459295,0.0%,121.2%,0,-7459295
Skrifstofur miðlægrar stjórnsýslu,Miðborgarmál,-8030408,0.0%,121.1%,10999560,2969152
Skrifstofur miðlægrar stjórnsýslu,Innkauparáð,-8339982,0.0%,121.1%,8339982,0
Skrifstofur miðlægrar stjórnsýslu,Kjarasamningar við verkalýðsfélög,-8866908,0.0%,121.1%,8866908,0
Íþrótta- og tómstundasvið,Íþrótta- og tómstundaráð,-8886017,0.0%,121.0%,17589104,8703087
Menningar- og ferðamálasvið,Menningar- og ferðamálaráð,-9482434,0.0%,121.0%,17889018,8406584
Skrifstofur miðlægrar stjórnsýslu,Upplýsinga- og vefdeild,-9566555,0.0%,120.9%,76566239,66999684
Íþrótta- og tómstundasvið,Siglingar í Nauthólsvík,-10225307,0.0%,120.9%,24114775,13889468
Skóla- og frístundasvið,Sameiginl. kostn. fagskrifstofu - leikskóli,-10620000,0.0%,120.9%,0,-10620000
Menningar- og ferðamálasvið,Viðey,-10971716,0.0%,120.8%,10971716,0
Umhverfis- og skipulagssvið aðalsjóður,Heilbrigðisnefnd,-12226854,-0.1%,120.8%,12226854,0
Skrifstofur miðlægrar stjórnsýslu,Rekstur Höfðatorgs,-12312666,-0.1%,120.7%,12312666,0
Skrifstofur miðlægrar stjórnsýslu,Þjónusta við innflytjendur,-12319877,-0.1%,120.6%,12319877,0
Skóla- og frístundasvið,Frístundaheimili ÍTR,-14039259,-0.1%,120.6%,15276749,1237490
Umhverfis- og skipulagssvið aðalsjóður,Skrifstofa umhverfis- og úrgangsstjórnunar,-15421221,-0.1%,120.5%,15421221,0
Velferðarsvið,Sameiginlegt vegna þjónustumiðstöðva,-15956510,-0.1%,120.5%,15956510,0
Skóla- og frístundasvið,Ungmennaverkefni,-16671006,-0.1%,120.4%,16984057,313051
Skrifstofur miðlægrar stjórnsýslu,Stjórnkerfis- og lýðræðisráð,-18003095,-0.1%,120.3%,18003095,0
Umhverfis- og skipulagssvið aðalsjóður,Umhverfis og skipulagsráð,-18142566,-0.1%,120.2%,18142566,0
Íþrótta- og tómstundasvið,Frístundakort og íþróttahús KHÍ,-18222254,-0.1%,120.2%,18222254,0
Menningar- og ferðamálasvið,Borgarsögusafn - viðhald safngripa,-18678768,-0.1%,120.1%,18678768,0
Skrifstofur miðlægrar stjórnsýslu,Bjarkahlíð,-19033122,-0.1%,120.0%,19033122,0
Menningar- og ferðamálasvið,Bókabifreiðar,-22630948,-0.1%,119.9%,22630948,0
Menningar- og ferðamálasvið,Bókmenntaborg UNESCO,-22817170,-0.1%,119.8%,22817170,0
Velferðarsvið,Hverfisráð,-24579072,-0.1%,119.7%,24579072,0
Skóla- og frístundasvið,Fagskrifstofa - grunnskóli,-24683246,-0.1%,119.6%,111007305,86324059
Skrifstofur miðlægrar stjórnsýslu,Hagmál,-25949743,-0.1%,119.5%,25949743,0
Skrifstofur miðlægrar stjórnsýslu,Skjalasafn,-26037696,-0.1%,119.4%,26037696,0
Velferðarsvið,Þekkingarstöð,-30257211,-0.1%,119.2%,42282211,12025000
Velferðarsvið,Sameiginlegt v. búsetuúrræða fatlaðra,-31934682,-0.1%,119.1%,121332601,89397919
Skrifstofur miðlægrar stjórnsýslu,Rekstur Ráðhúss,-32860188,-0.1%,119.0%,32860188,0
Menningar- og ferðamálasvið,Höfuðborgarstofa,-33118152,-0.1%,118.8%,92843872,59725720
Velferðarsvið,Önnur úrræði,-36268240,-0.2%,118.7%,36268240,0
Menningar- og ferðamálasvið,Landnámssýning,-36857532,-0.2%,118.5%,36857532,0
Skrifstofur miðlægrar stjórnsýslu,Skjalaver Höfðatorgi,-38173760,-0.2%,118.3%,38173760,0
Skrifstofur miðlægrar stjórnsýslu,Umboðsmaður borgarbúa,-39033307,-0.2%,118.2%,39033307,0
Menningar- og ferðamálasvið,Sólheimasafn,-42130917,-0.2%,118.0%,42130917,0
Skóla- og frístundasvið,Sunnufold,-43489656,-0.2%,117.8%,295034144,251544488
Menningar- og ferðamálasvið,Miðlæg verkefni,-44287524,-0.2%,117.6%,44287524,0
Umhverfis- og skipulagssvið aðalsjóður,Stefnumótun og greining,-47371660,-0.2%,117.4%,47371660,0
Menningar- og ferðamálasvið,Ársafn,-47867889,-0.2%,117.2%,47867889,0
Menningar- og ferðamálasvið,Foldasafn,-51266830,-0.2%,117.0%,51266830,0
Skrifstofur miðlægrar stjórnsýslu,Þróun upplýsingakerfa,-51373208,-0.2%,116.8%,51373208,0
Skóla- og frístundasvið,Frístundamiðstöðin Tjörnin,-51592003,-0.2%,116.6%,51592003,0
Skrifstofur miðlægrar stjórnsýslu,Skrifstofa þjónustu og reksturs,-55537456,-0.2%,116.3%,55537456,0
Menningar- og ferðamálasvið,Kringlusafn og Bókabíll,-58218514,-0.2%,116.1%,58218514,0
Skrifstofur miðlægrar stjórnsýslu,Uppgjör,-61709576,-0.3%,115.8%,61709576,0
Skrifstofur miðlægrar stjórnsýslu,Borgarskjalasafn,-69610718,-0.3%,115.5%,69610718,0
Skrifstofur miðlægrar stjórnsýslu,Skrifstofa innkaupa og rekstrarmála,-70826686,-0.3%,115.2%,70826686,0
Velferðarsvið,Þjónusta v/ÍTR,-71478230,-0.3%,114.9%,71478230,0
Skrifstofur miðlægrar stjórnsýslu,Rafræn þjónustumiðstöð,-77421904,-0.3%,114.6%,77421904,0
Menningar- og ferðamálasvið,Gerðubergssafn,-83821834,-0.4%,114.2%,83821834,0
Skrifstofur miðlægrar stjórnsýslu,Fjárreiður,-84548387,-0.4%,113.9%,84548387,0
Menningar- og ferðamálasvið,Skrifstofa borgarbókasafns,-94154339,-0.4%,113.5%,165967519,71813180
Menningar- og ferðamálasvið,Skrifstofa menningar- og ferðamála,-100717953,-0.4%,113.0%,100717953,0
Skrifstofur miðlægrar stjórnsýslu,Skrifstofa fjármála,-125139207,-0.5%,112.5%,125139207,0
Velferðarsvið,Þjónusta v/leikskólamála,-125380352,-0.5%,112.0%,125380352,0
Skóla- og frístundasvið,Frístundaheimili - Tjörnin,-126130154,-0.5%,111.4%,434891949,308761795
Skóla- og frístundasvið,Kelduskóli,-137060542,-0.6%,110.9%,466370524,329309982
Menningar- og ferðamálasvið,Aðalsafn og Artótek,-141667934,-0.6%,110.3%,141667934,0
Skrifstofur miðlægrar stjórnsýslu,Mannauðsdeild,-158621456,-0.7%,109.6%,158621456,0
Skóla- og frístundasvið,Frístundamiðstöðin Ársel,-159348997,-0.7%,108.9%,159348997,0
Menningar- og ferðamálasvið,Borgarsögusafn - skrifstofa og safngripir,-173393481,-0.7%,108.2%,173393481,0
Skrifstofur miðlægrar stjórnsýslu,Þjónustuver Höfðatorgi,-195140825,-0.8%,107.3%,195140825,0
Íþrótta- og tómstundasvið,Frístund fatlaðra,-203498982,-0.9%,106.5%,203498982,0
Velferðarsvið,Þjónusta v/grunnskólamála,-212448811,-0.9%,105.6%,212448811,0
Skrifstofur miðlægrar stjórnsýslu,Borgarbókhald,-229199379,-1.0%,104.6%,229199379,0
Skrifstofur miðlægrar stjórnsýslu,Kjaradeild,-287433270,-1.2%,103.4%,287433270,0
Skrifstofur miðlægrar stjórnsýslu,Upplýsingatæknideild - skrifstofa,-390454844,-1.7%,101.7%,390454844,0
Velferðarsvið,Skammtímavistun,-398320776,-1.7%,100.0%,837111011,438790235
